ligand_id,model,y_true,y_pred
12,BBB pass,3.110744921,3.4141847710922137
15,BBB pass,3.394926946,3.3806483820409845
18,BBB pass,4.516833835,3.9745721474821583
45,BBB pass,3.747985393,3.6180280600089985
56,BBB pass,3.223931367,3.0967898568331957
79,BBB pass,4.179954039,3.916666258021727
80,BBB pass,3.626219292,4.015101377720142
91,BBB pass,4.177123902,4.113077220121583
96,BBB pass,4.012215927,3.8425507116155915
101,BBB pass,4.05114907,4.482384713999592
116,BBB pass,3.737101047,3.376059546148376
129,BBB pass,3.665135584,3.8215351931824784
151,BBB pass,4.278107393,4.278888333098122
159,BBB pass,3.31143531,2.94809193991669
204,BBB pass,3.813946416,3.6004817816114487
208,BBB pass,1.460120894,2.4608369540943724
215,BBB pass,4.892250475,3.3487053870592307
217,BBB pass,3.1618252,3.0917937457884177
227,BBB pass,3.170734878,3.3951270052759632
234,BBB pass,3.049039354,3.3769649104093236
258,BBB pass,3.358201263,3.310451464866858
271,BBB pass,2.606951202,3.2397016269199996
281,BBB pass,3.846593069,3.5085053211251505
288,BBB pass,3.723110042,3.8050716762130117
299,BBB pass,3.639576449,3.73524885940468
318,BBB pass,2.515526212,3.1136305135762137
327,BBB pass,2.058368173,2.5472289917420077
339,BBB pass,2.575718838,3.289828723825386
343,BBB pass,2.346199745,2.9219904265815093
362,BBB pass,3.839182265,3.873157574345883
381,BBB pass,3.871304573,3.8157648742525527
410,BBB pass,4.055519594,3.8118041624966303
414,BBB pass,3.948851379,4.0030464929054235
415,BBB pass,2.396664852,2.6056377214513344
447,BBB pass,3.541719974,3.869508780614891
462,BBB pass,3.643496682,3.0874656243322853
467,BBB pass,3.942508754,3.6729895974069002
479,BBB pass,3.685979528,3.6314694422834277
487,BBB pass,3.204728195,3.781424217314017
489,BBB pass,3.512430524,3.4471592299270037
492,BBB pass,2.936257627,3.075355071714335
520,BBB pass,2.250878453,2.6499268692101507
521,BBB pass,3.597144658,3.240300395103003
524,BBB pass,4.291159202,3.7998552830594514
533,BBB pass,2.283946159,2.800413492271089
546,BBB pass,3.498861689,3.0735664146071158
566,BBB pass,4.089816125,4.143686290713704
573,BBB pass,3.325503254,3.315129558189606
580,BBB pass,3.611352087,3.530304753854796
595,BBB pass,5.837828244,3.563928293228906
601,BBB pass,3.836813697,3.972715425915908
609,BBB pass,3.262564086,3.956325748809301
612,BBB pass,3.690395292,3.9654283164397337
618,BBB pass,3.52933648,3.4402702799805436
623,BBB pass,3.560809635,3.7500805497057117
642,BBB pass,2.494267513,3.095933623438829
658,BBB pass,3.93981481,3.559489177106752
695,BBB pass,1.937269778,2.9272718307450765
702,BBB pass,3.951761984,3.6946093635873942
728,BBB pass,3.981491863,3.9595446106931087
746,BBB pass,2.892629127,3.1850400793682576
759,BBB pass,2.625235259,2.914241199220947
773,BBB pass,3.336787332,3.9820468443333765
778,BBB pass,5.077590447,3.980567332787708
789,BBB pass,3.740344914,3.641090504541566
800,BBB pass,3.501641358,3.7378893358635983
811,BBB pass,3.726867545,3.5247919558843757
818,BBB pass,4.213951732,4.258004495199184
825,BBB pass,3.986763339,3.268484551873515
829,BBB pass,5.844797254,4.0875533948300715
833,BBB pass,3.260243989,3.4564137323236563
834,BBB pass,5.348949078,4.0981208090345485
840,BBB pass,3.906360086,3.7849376446379486
841,BBB pass,4.106894798,4.576649835904626
848,BBB pass,3.012380445,2.9073025405877186
849,BBB pass,1.935612788,2.1522877434119447
861,BBB pass,1.682996653,2.783601937516573
864,BBB pass,2.602229333,2.6666943179820333
874,BBB pass,3.647706525,3.6511143620087174
882,BBB pass,3.091721656,3.613529752447407
883,BBB pass,2.932961114,3.34658293253076
895,BBB pass,2.926982145,3.412471496492818
907,BBB pass,3.636425205,3.4053435724724155
920,BBB pass,3.502802527,3.238014814976719
931,BBB pass,3.578407478,3.601316365952906
939,BBB pass,2.471678304,2.9906996362110405
947,BBB pass,4.705030696,4.114046659352214
954,BBB pass,3.216432763,3.629968944355067
957,BBB pass,2.847516749,3.4219622501209
960,BBB pass,4.113428947,3.570185136532034
961,BBB pass,3.456398571,3.413063512784552
965,BBB pass,2.993304669,3.247522765708697
968,BBB pass,3.037430925,2.8292635422394627
972,BBB pass,3.570417837,3.3139860391096656
978,BBB pass,3.153224175,3.2136323239791933
985,BBB pass,3.46137792,3.469936700040356
986,BBB pass,2.872551201,3.467107829726047
989,BBB pass,2.225057251,2.71609339808042
1009,BBB pass,3.724425096,3.5410693339674197
1015,BBB pass,2.951820181,3.130941293322773
1021,BBB pass,3.305673746,3.0126689960561874
1027,BBB pass,3.375158625,3.4767071684109077
1042,BBB pass,3.230181089,3.608748404027703
1044,BBB pass,3.379493287,2.888688197538546
1046,BBB pass,3.392605998,3.091443723693299
1070,BBB pass,3.106968628,2.5929187756724845
1073,BBB pass,2.853987286,2.7471385192057154
1075,BBB pass,2.72606467,2.84055234407416
1084,BBB pass,2.019450842,2.5345547223764733
1098,BBB pass,3.386220323,3.589073097757532
1100,BBB pass,4.107744924,4.5036805615034865
1118,BBB pass,3.152631916,2.8838539686631295
1120,BBB pass,3.258086794,3.0629373858067526
1125,BBB pass,3.488779789,3.306957576191766
1126,BBB pass,2.416848453,2.445815383632654
1129,BBB pass,3.489550698,3.2848596867592366
1137,BBB pass,3.10382204,2.6579094843126025
1143,BBB pass,3.862392573,4.145283279124962
1144,BBB pass,3.757126755,4.211387635024741
1147,BBB pass,4.333006751,4.18780382019691
1148,BBB pass,3.879106206,3.761697775646622
1174,BBB pass,3.779696233,4.0044618751734005
1194,BBB pass,3.097590453,3.10176939867186
1210,BBB pass,3.619344465,2.831503832547777
1213,BBB pass,2.893565277,2.8236996100232514
1239,BBB pass,4.483622193,3.454154828110372
1240,BBB pass,3.103617408,2.828932598521787
1247,BBB pass,3.046738424,3.0306934736355893
1255,BBB pass,3.225823409,3.453217952982235
1257,BBB pass,3.459069232,2.8483339361050533
1258,BBB pass,2.984819745,3.3440375448319046
1259,BBB pass,2.827798098,3.250809407036559
1262,BBB pass,3.234865137,3.5948935834906566
1264,BBB pass,3.349468331,3.7205170055842203
1267,BBB pass,2.156319558,2.5912934182365763
1283,BBB pass,4.203224836,3.696014663991455
1307,BBB pass,4.472313029,3.837012553275623
1309,BBB pass,4.369364351,3.8914148819153302
1337,BBB pass,4.515770113,4.2721247658176384
1349,BBB pass,3.36909456,3.383661459278761
1358,BBB pass,2.727143469,2.7325692086034215
1360,BBB pass,3.912995943,3.8463769986404883
1363,BBB pass,3.017962644,3.3586245376980113
1366,BBB pass,4.123662934,3.5024852010525485
1367,BBB pass,3.437016873,3.5955512676502766
1382,BBB pass,3.662865979,3.587714022378391
1386,BBB pass,3.345632745,3.10847455588139
1388,BBB pass,3.935420233,3.63987454465819
1402,BBB pass,3.593456834,3.246493483793002
1403,BBB pass,4.047774939,3.621231000153572
1429,BBB pass,3.809693406,3.807019467663285
1431,BBB pass,3.688949051,3.969966803310304
1452,BBB pass,4.049788459,4.372280428767477
1470,BBB pass,4.748224843,3.5973011318085355
1471,BBB pass,4.638247576,3.366752124055324
1472,BBB pass,5.225813081,3.233920326784475
1474,BBB pass,4.074440265,3.2245941554948137
1481,BBB pass,3.79929515,3.648545765982135
1498,BBB pass,4.42415185,3.4924493025025187
1504,BBB pass,4.155328749,3.8095016341679724
1505,BBB pass,3.238703759,3.507292501587564
1508,BBB pass,4.015840263,4.0014193262887385
1538,BBB pass,2.962119158,2.859102124317612
1539,BBB pass,4.427951098,4.227253400290547
1567,BBB pass,3.061491599,2.48159638975834
1592,BBB pass,5.734198055,4.973212547905838
1599,BBB pass,3.899209654,3.3390053629639223
1602,BBB pass,2.988017543,3.019325439007019
1604,BBB pass,3.864671736,3.691814984849098
1611,BBB pass,4.038080767,3.8637280968262724
1616,BBB pass,4.275540409,4.165613583009392
1617,BBB pass,3.249665053,3.545344478115153
1655,BBB pass,3.091724977,3.567226643162014
1668,BBB pass,3.492757895,3.464376774181844
1687,BBB pass,5.138583714,4.5381135264929675
1690,BBB pass,4.162466004,4.2810624880645305
1694,BBB pass,3.436434769,3.1520580862022154
1710,BBB pass,3.418486352,3.5155667090484406
1715,BBB pass,2.921203658,2.5151995872282393
1726,BBB pass,3.409693332,3.6157282265007002
1736,BBB pass,3.556699083,3.63571297703831
1739,BBB pass,3.509728338,3.546766138978477
1747,BBB pass,5.661462459,4.472440067421368
1761,BBB pass,3.75848609,3.976943133291654
1769,BBB pass,3.446514977,3.3217254041962074
1772,BBB pass,3.726655513,3.4863080126990464
1781,BBB pass,3.786284085,3.8032037683286615
1791,BBB pass,3.207543664,3.3767733243083953
1797,BBB pass,3.53848576,3.7791537148169168
1800,BBB pass,2.748234071,3.2705893724912074
1808,BBB pass,2.873649928,3.2410282082158846
1813,BBB pass,2.984595913,3.5201782840682254
1819,BBB pass,3.39858167,3.3510427914212615
1821,BBB pass,2.928236491,3.2010495520959177
1823,BBB pass,3.007892329,3.3844180703940783
1825,BBB pass,2.710360688,3.328670809279476
1845,BBB pass,3.74878787,3.7444188513630507
1848,BBB pass,3.213762341,3.5806551048573967
1857,BBB pass,3.968628714,4.050079570810982
1859,BBB pass,4.190582149,4.280441970522082
1860,BBB pass,3.783710373,4.171054924094733
1861,BBB pass,4.155530951,4.237738888302935
1867,BBB pass,2.772055693,3.940083234645537
1868,BBB pass,1.851846977,2.7590249855031708
1874,BBB pass,3.475791697,2.859972387770195
1876,BBB pass,3.065067819,3.0466710566036976
1916,BBB pass,3.655177896,3.752385786260634
1922,BBB pass,4.0022031,3.886598151380725
1925,BBB pass,3.621790578,3.991510928295879
1929,BBB pass,3.738599376,4.060022789037618
1936,BBB pass,3.904862488,3.9727223660499096
1939,BBB pass,3.607694478,3.945546296406166
1942,BBB pass,2.90218143,4.0506167865682015
1951,BBB pass,2.978209419,3.2321278575682744
1963,BBB pass,4.014864414,3.675003714938135
1976,BBB pass,3.764158011,3.908604473981943
1980,BBB pass,2.942052721,3.572450790682034
1991,BBB pass,2.712289218,3.3156107532487678
1995,BBB pass,3.67738165,3.600027511518923
1999,BBB pass,3.24150171,3.3368680530936707
2001,BBB pass,3.349070707,3.2633779976437456
2014,BBB pass,4.136088986,3.896280902347021
2040,BBB pass,3.85322547,3.965311278959175
2042,BBB pass,3.529515904,3.632189085476392
2043,BBB pass,3.526124192,3.7306137447944554
2071,BBB pass,3.029386033,3.382687134942978
2073,BBB pass,3.626052429,3.2918111322085153
2075,BBB pass,3.301694147,4.268432053209811
2080,BBB pass,3.59653552,3.886259083969474
2092,BBB pass,5.078634641,3.976572838056126
2094,BBB pass,4.827166835,4.187459607441764
2095,BBB pass,4.038932956,4.105363290005991
2126,BBB pass,4.34163761,3.825220438988576
2132,BBB pass,4.859340521,3.767251364442332
2134,BBB pass,4.040950269,4.047284052511184
2147,BBB pass,3.338780102,2.8632853264557623
2148,BBB pass,2.228614202,3.041260977907415
2150,BBB pass,4.255248377,3.4317128641048855
2158,BBB pass,2.830796037,3.0116214013595286
2163,BBB pass,3.756345927,3.7049596936652245
2164,BBB pass,4.438978095,4.466162593422703
2169,BBB pass,3.993982696,3.917365601165648
2178,BBB pass,3.637947132,3.800156992404937
2183,BBB pass,5.336552785,3.9149471099223216
2200,BBB pass,3.191612217,3.7576277914288094
2211,BBB pass,3.780762722,3.3077466993863265
2216,BBB pass,4.148644579,4.165068888245409
2233,BBB pass,4.145370462,3.767584359920355
2235,BBB pass,3.437016873,3.468912116123173
2236,BBB pass,3.93666012,3.739873240232475
2243,BBB pass,3.405885813,3.190229558355485
2245,BBB pass,2.68524896,3.635604203662888
2253,BBB pass,4.015897689,3.4182955030126427
2255,BBB pass,3.544572548,3.453246355975599
2256,BBB pass,3.427443321,3.38346921311672
2268,BBB pass,4.78452315,4.087888053419325
2272,BBB pass,3.497238656,3.723249603107129
2273,BBB pass,3.655499323,3.4262711972564897
2292,BBB pass,3.593718374,3.8564031899777187
2293,BBB pass,3.416857363,3.5009464085587654
2308,BBB pass,2.813032354,3.156440953694723
2326,BBB pass,2.630715761,2.6852641150311833
2328,BBB pass,3.505041775,3.8373096562089586
2330,BBB pass,3.547625287,3.7801783725538223
2335,BBB pass,3.636217363,3.2741428175042633
2347,BBB pass,4.076338872,4.031379222020397
2348,BBB pass,4.109195586,4.075552006406991
2349,BBB pass,3.410695908,3.4208448849631954
2357,BBB pass,3.78550101,3.540223755027397
2364,BBB pass,3.455300249,3.4996491083417753
2377,BBB pass,4.119287318,3.6383692564231676
2379,BBB pass,3.971577337,3.854499444401495
2380,BBB pass,3.898526685,4.084580328002347
2408,BBB pass,3.222693065,3.2424358657090893
2412,BBB pass,3.134104471,3.6915045282630206
2421,BBB pass,1.609910856,2.8742984487497996
2422,BBB pass,3.449177084,3.4412850050992416
2427,BBB pass,3.525308637,3.7021658664995867
2428,BBB pass,4.243052939,4.026203324072375
2429,BBB pass,3.626841109,4.099780619495466
2441,BBB pass,4.096313172,3.6292122672983353
2446,BBB pass,3.421042483,3.3951916631561576
2447,BBB pass,3.56202294,3.4812310885344906
2449,BBB pass,3.888140866,3.7009809814544052
2453,BBB pass,3.829591848,3.820040281324082
2455,BBB pass,4.239016077,4.037897610995847
2458,BBB pass,2.903469829,3.051158958819857
2461,BBB pass,4.228695435,3.810946909450866
2462,BBB pass,3.382820786,3.059110913697179
2466,BBB pass,3.861409797,3.702483373651564
2472,BBB pass,2.126957252,3.500654834319962
2476,BBB pass,4.280408762,4.108676941869563
2487,BBB pass,2.745426147,2.810056294058972
2501,BBB pass,3.164739384,2.923377491516528
2505,BBB pass,3.582402269,3.6498263509905025
2506,BBB pass,3.284977863,3.290147005048459
2518,BBB pass,3.62300179,3.361391732071915
2521,BBB pass,3.579029912,3.829263280134786
2522,BBB pass,4.076463354,3.668822618409278
2524,BBB pass,3.457552495,3.6946908408201327
2541,BBB pass,3.831507559,3.3401147723604785
2545,BBB pass,3.742430754,4.1596490607026055
2550,BBB pass,3.059795737,3.39715265661732
2558,BBB pass,2.791424317,3.0526538304968422
2567,BBB pass,4.300524835,4.1133999380271895
2579,BBB pass,2.575595563,2.7700384266569418
2583,BBB pass,3.664573146,3.2159455966307737
2590,BBB pass,3.661864547,3.663357638499331
2622,BBB pass,3.551312734,3.722477147480651
2632,BBB pass,4.16521464,3.415378191922319
2643,BBB pass,2.648568804,2.6742393349213422
2650,BBB pass,3.487749272,3.5960866939455713
2652,BBB pass,3.824453981,3.5697625680872855
2653,BBB pass,2.88388782,2.8913202957878372
2654,BBB pass,3.219989152,3.4546866025792102
2655,BBB pass,3.425130124,3.59572388590204
2658,BBB pass,3.607089015,3.8500221572842594
2659,BBB pass,4.044572767,3.969497580643705
2675,BBB pass,2.874015667,3.270308735797829
2679,BBB pass,3.744200133,3.905571977140303
2682,BBB pass,2.812110841,3.162749554241788
2685,BBB pass,3.786258004,4.070247083775787
2700,BBB pass,3.338621813,3.140440789132353
2706,BBB pass,3.696971796,3.5772725879405662
2707,BBB pass,3.210607577,3.413243729424622
2713,BBB pass,3.419701785,3.022539135084121
2720,BBB pass,3.946282739,3.9659100634662656
2722,BBB pass,4.28048276,3.967700876275855
2727,BBB pass,3.77481405,3.8460462352480804
2728,BBB pass,4.150270996,3.993150563054694
2729,BBB pass,3.963184353,3.989963690385262
2736,BBB pass,4.264214348,4.028973218707957
2755,BBB pass,3.082043822,3.36568170702958
2757,BBB pass,2.769522713,3.223187562850697
2767,BBB pass,4.11298648,4.080693743762076
2773,BBB pass,3.600237565,3.494108226850592
2776,BBB pass,3.435062527,3.453028390933535
2777,BBB pass,3.561935763,3.1881261335701216
2778,BBB pass,4.388969784,3.6421331372177614
2779,BBB pass,3.048361947,3.061374469666404
2780,BBB pass,2.823306883,3.0364093203098648
2788,BBB pass,3.07672841,3.454346299668354
2801,BBB pass,3.764304255,4.164950858866691
2804,BBB pass,3.565956303,3.975778920997401
2805,BBB pass,3.322087217,3.785851295964456
2807,BBB pass,3.587952796,3.593280254043069
2809,BBB pass,2.880823676,2.848033299973228
2831,BBB pass,4.223012546,3.901844283323288
2839,BBB pass,2.92808846,3.3445060046253228
2842,BBB pass,4.140552036,3.45976083412119
2852,BBB pass,3.849551025,3.604800651709693
2855,BBB pass,2.86090671,3.4274157127804097
2859,BBB pass,3.00575569,3.235388335921251
2870,BBB pass,3.535718982,3.7873393137250084
2911,BBB pass,2.914586421,3.179167125688913
2912,BBB pass,5.530838588,4.460410642751379
2916,BBB pass,5.039897721,4.380698269877384
2917,BBB pass,4.13885824,4.525872022201376
2924,BBB pass,3.578093421,3.5998382546119854
2926,BBB pass,3.816387145,4.1093672420574565
2928,BBB pass,3.56410995,3.355337627416145
2929,BBB pass,3.626972758,4.1150411862738485
2931,BBB pass,4.449106686,4.4420785653857235
2932,BBB pass,3.290001203,3.235984475271909
2945,BBB pass,2.96530625,3.251749688956936
2947,BBB pass,3.487791448,4.111603832826874
2961,BBB pass,3.805057648,3.8277114237982377
2971,BBB pass,3.212773374,3.5488262196711684
2980,BBB pass,3.960861416,3.655643600035374
2994,BBB pass,4.982665482,4.122659431024021
3002,BBB pass,3.79690979,3.781515000851223
3018,BBB pass,3.428487689,3.30408502515958
3023,BBB pass,3.338962078,3.590466150510194
3032,BBB pass,3.567001145,3.6937173674812245
3038,BBB pass,3.693293443,3.506393096038074
3041,BBB pass,3.67910069,3.9952519111404787
3048,BBB pass,4.153333475,3.6468072112319416
3050,BBB pass,3.598739714,3.3728436854662798
3055,BBB pass,3.608514572,3.78787904224162
3064,BBB pass,3.937912947,3.986612299655778
3067,BBB pass,3.981668005,3.9036353317011048
3077,BBB pass,4.369849171,3.7953756032469625
3082,BBB pass,5.859307346,4.097124675091198
3087,BBB pass,4.822329384,4.473635231135321
3089,BBB pass,3.554520656,3.7317764349716454
3101,BBB pass,3.121149319,3.580165574316038
3107,BBB pass,4.995531963,4.2972993403013104
3135,BBB pass,2.549898451,2.754516220807846
3142,BBB pass,4.458790254,3.5019740575792992
3163,BBB pass,3.39877677,3.3265502005937595
3172,BBB pass,3.40771253,3.3279232216212655
3195,BBB pass,2.975829921,3.3355149674066933
3207,BBB pass,4.072617477,3.0038106610965842
3209,BBB pass,3.77128918,4.140314040391661
3214,BBB pass,3.759997028,3.5961492462319136
3222,BBB pass,3.678660617,3.7045940909862987
3230,BBB pass,3.742250016,3.8293579464920513
3247,BBB pass,4.096995126,4.103108410493007
3260,BBB pass,3.56927147,3.757777338419197
3263,BBB pass,3.448198205,3.299213767256495
3265,BBB pass,2.656966561,2.8188488113473573
3267,BBB pass,3.522078441,3.20206061110905
3275,BBB pass,3.728062318,3.7745525762039174
3304,BBB pass,2.749689088,2.8160046882585354
3306,BBB pass,2.912706108,2.7413873860219677
3321,BBB pass,2.95186552,3.355557256602682
3327,BBB pass,3.121753113,3.2810011056658586
3328,BBB pass,4.021776824,4.023902013715228
3329,BBB pass,2.994893245,3.247123808503501
3331,BBB pass,3.679786848,3.561681531237917
3340,BBB pass,3.464618605,3.713033858214448
3341,BBB pass,4.301673206,4.349256274991283
3344,BBB pass,4.612183829,3.301080651267511
3348,BBB pass,2.876443839,3.825902278337577
3357,BBB pass,4.408843487,3.373231481536072
3358,BBB pass,3.453944862,3.716750798100134
3359,BBB pass,3.908967894,3.835099862765536
3364,BBB pass,3.254447366,3.308053420265737
3375,BBB pass,3.598739714,3.3484988563851346
3376,BBB pass,3.422882835,3.0068978398216664
3397,BBB pass,3.573813744,3.958005423122574
3414,BBB pass,3.586008288,3.2899669200393054
3417,BBB pass,3.881744246,4.143864032498596
3432,BBB pass,4.304872978,3.4382172369131307
3454,BBB pass,3.197098223,3.633638090895371
3457,BBB pass,3.446137793,3.6092719651514393
3466,BBB pass,3.805789612,3.4925964886154177
3467,BBB pass,4.383764516,3.680641904621977
3490,BBB pass,3.001430812,3.0903154057049003
3501,BBB pass,3.705617856,3.518591110557536
3503,BBB pass,4.140085345,3.9001935781778334
3526,BBB pass,3.233716796,3.112804384584695
3542,BBB pass,3.72265137,3.6937563807664278
3548,BBB pass,3.536409023,3.3637564110982345
3554,BBB pass,2.802861345,3.5907444883879207
3564,BBB pass,3.621710287,3.5744719839395485
3566,BBB pass,3.543754767,3.5956508725688536
3591,BBB pass,3.911422063,3.8013862881701264
3601,BBB pass,3.464468256,3.619642097158331
3607,BBB pass,2.826896741,3.2304418199530067
3627,BBB pass,4.085884932,3.558561668020531
3631,BBB pass,3.64336454,3.5344080853430024
3635,BBB pass,2.736613374,2.867539115559513
3664,BBB pass,1.888702113,1.7583218973550077
3684,BBB pass,3.531027052,3.0501427769487925
3696,BBB pass,4.03273677,4.3939748652007475
3700,BBB pass,2.741138462,2.9651831146174468
3703,BBB pass,3.281621881,3.2919349567189
3706,BBB pass,3.301553005,3.953642579554091
3711,BBB pass,3.833232514,3.9214189899797116
3715,BBB pass,3.179482324,3.256575086075087
3721,BBB pass,2.948909994,2.7533398875429707
3728,BBB pass,3.804967433,2.9478924520034355
3735,BBB pass,3.067471762,3.2907851227303833
3744,BBB pass,3.103271451,3.426040743116149
3746,BBB pass,2.740964363,3.474166745108473
3764,BBB pass,3.239403764,3.28680059348564
3771,BBB pass,2.981695311,3.350778267558427
3791,BBB pass,3.964717927,3.936815329765268
3792,BBB pass,2.410663977,2.519049471235945
3804,BBB pass,3.689537175,3.413319104413516
3807,BBB pass,3.191466984,3.421697409911015
3811,BBB pass,3.617835008,3.2802012163093486
3814,BBB pass,3.596720769,3.657705064832592
3828,BBB pass,2.852517268,2.8741305115578886
3833,BBB pass,3.065382584,3.0635053336121207
3836,BBB pass,1.812668301,2.419918956546865
3842,BBB pass,3.453877669,2.9056146492190567
3846,BBB pass,3.236716361,3.7254540625461234
3849,BBB pass,3.66409944,3.455607818594199
3857,BBB pass,4.05383577,3.9779964781737216
3866,BBB pass,3.680541084,3.394360127686399
3868,BBB pass,3.198672357,3.952300252361984
3869,BBB pass,3.236716361,3.7145694206226376
3874,BBB pass,3.239466323,3.603872842682909
3889,BBB pass,4.112707382,3.922948621754969
3892,BBB pass,2.735391782,2.996090152140158
3909,BBB pass,3.928466266,3.7486324115168377
3915,BBB pass,3.176624952,3.28433329186435
3917,BBB pass,2.9036071,3.8415599902287982
3918,BBB pass,3.662239944,3.191056145401266
3921,BBB pass,3.535727776,3.7996875162080848
3934,BBB pass,3.564788766,3.7498723442404245
3942,BBB pass,3.350023581,3.519578624925249
3943,BBB pass,3.439464611,3.6516066524541118
3959,BBB pass,5.061858467,3.9186966740054587
3963,BBB pass,3.487376733,3.737446727906497
3983,BBB pass,3.687715203,3.6622159164054713
3985,BBB pass,3.568375659,3.234024309926669
4002,BBB pass,3.935675654,4.04378678227151
4019,BBB pass,4.463010416,4.103179329167698
4020,BBB pass,4.323943853,4.364969350997936
4023,BBB pass,4.581545767,4.141017481693149
4027,BBB pass,3.215460426,3.1791452759469943
4041,BBB pass,3.325495139,3.5953337054532883
4047,BBB pass,4.17667999,3.740404807323437
4065,BBB pass,1.101168678,4.2132814561445695
4072,BBB pass,3.493559816,4.617241476998366
4081,BBB pass,3.251686878,3.473978390338812
4082,BBB pass,3.897917135,3.0467662645751026
4085,BBB pass,3.450849313,3.5644956386399467
4098,BBB pass,3.820158232,3.9604915369358475
4110,BBB pass,3.095564513,3.2855820449905484
4121,BBB pass,3.345748202,2.9456528794578523
4122,BBB pass,3.831313873,3.7603607827646557
4152,BBB pass,3.386830242,4.0793211133213445
4194,BBB pass,3.797271803,3.954988682200227
4201,BBB pass,3.905091197,3.811239728761092
4203,BBB pass,3.837219773,3.9962052349082953
4214,BBB pass,3.667316172,3.424633740939546
4215,BBB pass,2.616091332,2.931852242515242
4242,BBB pass,3.017918657,3.345640749348717
4246,BBB pass,2.849409816,2.9989891153725687
4256,BBB pass,2.702118059,3.1007159257192103
4287,BBB pass,3.369688869,2.9285447955092017
4292,BBB pass,3.676244934,3.6040642945469856
4299,BBB pass,3.463705804,3.5904280760279326
4300,BBB pass,3.863340081,3.9104640433269067
4308,BBB pass,3.80935346,3.7701485311185117
4312,BBB pass,3.653876679,3.961693836067461
4313,BBB pass,3.802815692,4.174106317809417
4314,BBB pass,3.645749668,3.8816525592193987
4315,BBB pass,3.716966273,3.8906007162232554
4316,BBB pass,3.777343954,3.758631524835675
4317,BBB pass,3.774350098,3.8293185003196983
4318,BBB pass,3.664972427,3.8076193669257554
4325,BBB pass,3.786298796,3.714031441882841
4374,BBB pass,2.301553828,3.7085622914374667
4405,BBB pass,4.201563277,3.730767829026681
4426,BBB pass,3.271569023,3.4728058918415416
4442,BBB pass,3.565775529,3.5681012110226655
4460,BBB pass,3.990888652,3.5838391521740367
4499,BBB pass,2.55032295,3.0423055135326287
4504,BBB pass,4.311576353,3.858515053003067
4517,BBB pass,4.039023429,4.04870592618116
4531,BBB pass,3.665672139,3.796685312322638
4533,BBB pass,3.088644385,2.8047135448294243
4541,BBB pass,2.990671775,2.4233826958343867
4542,BBB pass,3.835972261,3.8073916476762824
4544,BBB pass,3.874822956,3.8836198889332376
4553,BBB pass,3.544467687,3.6909937226986425
4556,BBB pass,3.675310156,3.6831143502661137
4559,BBB pass,3.437397302,3.56976461522788
4561,BBB pass,3.416756408,3.495173239481754
4567,BBB pass,3.666610083,3.9133420282285445
4577,BBB pass,2.920216296,3.3584762955455703
4582,BBB pass,3.544205401,3.725735806634597
4587,BBB pass,3.730722305,3.774471274883422
4597,BBB pass,4.154252023,4.221216547293806
4601,BBB pass,3.510817263,3.7386617011741086
4605,BBB pass,3.788775157,3.9980840741879407
4610,BBB pass,4.023942574,3.4317710833039805
4613,BBB pass,3.063335444,3.3250175891025995
4620,BBB pass,5.31345024,4.1314700621429665
4621,BBB pass,3.975253688,3.872467222384841
4637,BBB pass,3.740181756,3.540113368629432
4642,BBB pass,3.369745808,3.1624253840413994
4648,BBB pass,3.855614932,3.5791173028403973
4650,BBB pass,3.710932137,3.778637589477525
4672,BBB pass,3.237346401,3.5882934228726397
4675,BBB pass,3.408102751,3.305015270866444
4686,BBB pass,4.13271851,3.649411586875347
4688,BBB pass,4.183054621,3.8046821204216497
4691,BBB pass,4.085647288,3.5726037438937652
4697,BBB pass,2.853127485,3.5507400150737607
4698,BBB pass,3.405397591,3.344109075845294
4700,BBB pass,3.604470988,3.46810420222431
4701,BBB pass,3.405182974,3.5376570730438406
4702,BBB pass,3.53944659,3.5815975872600108
4706,BBB pass,3.790748305,3.907659625331695
4722,BBB pass,4.300631051,4.332140397705116
4728,BBB pass,3.93856054,4.451929622827089
4729,BBB pass,4.108720878,4.316533354159259
4731,BBB pass,3.707112222,3.5341621570637685
4740,BBB pass,3.763945148,3.66100715442038
4741,BBB pass,3.040439152,3.8935413145145317
4743,BBB pass,3.207640351,3.595632321956762
4754,BBB pass,3.614777866,3.7120690935592293
4766,BBB pass,3.821413701,3.311505835942671
4771,BBB pass,3.612176252,3.5570721737230517
4778,BBB pass,3.416796344,3.555458275988065
4779,BBB pass,3.496498919,3.5482988256012873
4780,BBB pass,3.44182476,3.584415223559382
4782,BBB pass,3.319505801,3.620550346880083
4785,BBB pass,3.372304302,3.900267136390854
4794,BBB pass,3.225335132,2.96880045431261
4797,BBB pass,3.572285955,3.9618881872659486
4801,BBB pass,3.535606027,3.2109745152215807
4808,BBB pass,3.57612151,3.712331668021823
4810,BBB pass,1.704300692,3.6412379542713147
4813,BBB pass,3.518450765,3.3292343022756117
4814,BBB pass,3.169054772,3.19704216653131
4820,BBB pass,3.869492479,3.297123077138079
4837,BBB pass,3.834397994,4.134960588272561
4838,BBB pass,3.693481646,3.5617975537214326
4849,BBB pass,3.899043109,3.809511682261422
4851,BBB pass,3.466032815,3.668957085314715
4852,BBB pass,4.007169329,3.955893495617777
4883,BBB pass,4.550157664,4.140310019934088
4884,BBB pass,3.088583447,3.3804245289640416
4893,BBB pass,4.026403174,3.7842203291140097
4896,BBB pass,3.797117812,3.7759605376887344
4900,BBB pass,4.277881088,3.910410108459086
4903,BBB pass,3.786362818,3.740113559922346
4905,BBB pass,3.953155414,3.6828054061524456
4908,BBB pass,2.993198565,2.8875113357111877
4918,BBB pass,3.618042389,3.6373629297740404
4919,BBB pass,4.399814591,4.196354651765123
4924,BBB pass,2.491166045,3.281337419641797
4940,BBB pass,3.730722305,3.5605289578498915
4960,BBB pass,4.017060642,3.8159294152602716
4972,BBB pass,4.01760256,3.6953722691684496
4978,BBB pass,3.5052566,3.4807106500627536
4991,BBB pass,5.678936019,3.6258816839508263
4995,BBB pass,3.61170245,3.585816769868
5000,BBB pass,2.827797217,3.5531653106040233
5009,BBB pass,4.025704772,4.109613374385478
5010,BBB pass,3.960837813,3.8792460030213487
5011,BBB pass,3.782315281,3.4532549225981404
5012,BBB pass,4.006601761,4.125579874837314
5013,BBB pass,3.964166719,4.117789219783073
5024,BBB pass,3.707118311,3.0142964392077705
5037,BBB pass,2.31368583,3.607408214517732
5038,BBB pass,3.09021041,3.682533583834658
5058,BBB pass,4.06066919,3.9391455430585225
5071,BBB pass,3.621597236,3.290207252017691
5072,BBB pass,3.163626772,3.5623303729543143
5074,BBB pass,3.460241308,3.115068488970179
5079,BBB pass,4.475014464,3.2327838865018133
5087,BBB pass,4.087039219,3.8815079343095893
5117,BBB pass,3.404555284,3.574464195916507
5121,BBB pass,3.82872747,3.652636727131982
5126,BBB pass,3.070941736,3.021029175845291
5145,BBB pass,3.605542642,4.352994657617998
5157,BBB pass,3.794701622,3.68160598491988
5174,BBB pass,3.382195409,3.146792912529122
5181,BBB pass,3.482111968,4.171457596116142
5185,BBB pass,3.711992713,4.221347835324676
5213,BBB pass,5.176711988,4.489411941126525
5230,BBB pass,3.609157837,3.556116363989594
5234,BBB pass,3.670338641,3.814454257986423
5250,BBB pass,3.91970031,3.4588699784057817
5256,BBB pass,3.368202914,3.4863640258368034
5259,BBB pass,3.693752736,3.8638803373893946
5271,BBB pass,3.33325846,3.421778053112621
5273,BBB pass,3.076431789,3.6109596751183535
5276,BBB pass,3.269599046,3.5754085228588917
5279,BBB pass,4.021882697,3.799924077520067
5291,BBB pass,3.571134605,2.995723745396849
5292,BBB pass,3.160298422,3.497047226973221
5294,BBB pass,3.93805971,3.955616615150459
5300,BBB pass,4.212044673,4.217408946721803
5302,BBB pass,3.748131243,3.896197995516426
5305,BBB pass,4.255885418,4.206895097923421
5322,BBB pass,3.298298101,3.590877528760931
5341,BBB pass,3.819156496,4.001512000619467
5345,BBB pass,3.965417795,3.5711947296972917
5351,BBB pass,3.074458849,3.3139271049549572
5352,BBB pass,3.484463559,3.426801594200886
5353,BBB pass,3.484463559,3.593202942008141
5371,BBB pass,4.059404046,3.7303706986122744
5374,BBB pass,3.461720378,3.707351466267866
5377,BBB pass,3.717758149,3.5354306302856697
5381,BBB pass,2.913663213,3.2118956218562014
5383,BBB pass,3.738109238,3.537336401413391
5395,BBB pass,3.166865736,3.298609181240671
5407,BBB pass,2.82025337,2.546528707296125
5411,BBB pass,3.756464182,4.003190124319705
5418,BBB pass,3.781307775,4.114169005096869
5429,BBB pass,3.10506336,3.18393895567633
5436,BBB pass,3.580340394,3.7130272199479073
5449,BBB pass,4.21181443,3.5404325275265407
5456,BBB pass,3.407149037,3.535335513870673
5469,BBB pass,3.425410305,3.6854719919210233
5473,BBB pass,2.854552405,2.767626106288419
5482,BBB pass,3.520413344,3.033200970635408
5483,BBB pass,3.18228052,3.128748389786421
5485,BBB pass,3.991809175,3.3852732083356365
5524,BBB pass,3.515833647,3.5322652943760464
5525,BBB pass,3.760349435,2.994944839443005
5531,BBB pass,3.005996462,3.877553338743069
5539,BBB pass,2.924851764,3.434520807572921
5553,BBB pass,4.738566529,3.997628646364374
5559,BBB pass,3.264021674,3.3618763682868966
5574,BBB pass,3.60838848,3.4275073427836102
5575,BBB pass,3.370450376,4.874545125902185
5577,BBB pass,3.619357973,3.6856221895181798
5580,BBB pass,3.171060826,3.636569589317384
5596,BBB pass,3.766850557,3.139621691476866
5625,BBB pass,3.677681341,3.8338673069170035
5627,BBB pass,3.306227367,3.3512154424449907
5628,BBB pass,3.194584443,3.5368796697997884
5629,BBB pass,3.637425681,3.5910042487201315
5631,BBB pass,3.247949738,2.849649526545341
5633,BBB pass,3.23629536,3.3451141005027765
5634,BBB pass,3.356371566,3.4084276755387437
5647,BBB pass,3.648378242,3.8300804844361247
5674,BBB pass,3.814866623,3.6783150995429237
5679,BBB pass,4.157647439,3.798687167985458
5681,BBB pass,3.468404665,3.6599183712700443
5683,BBB pass,3.567462883,3.830671740169031
5687,BBB pass,3.440733238,3.846274916036568
5688,BBB pass,3.500809585,3.9252931307694108
5690,BBB pass,3.866440571,3.4812788397024454
5694,BBB pass,3.508386435,3.800699147920719
5727,BBB pass,4.048323697,3.6524384204812184
5734,BBB pass,3.860207147,3.944662820749738
5735,BBB pass,3.347353871,4.340859082475815
5753,BBB pass,3.049211487,3.0468471551887033
5763,BBB pass,3.821742733,3.5129888204848996
5770,BBB pass,3.442657897,3.6219886165705
5778,BBB pass,2.937802962,3.6066749270223784
5787,BBB pass,3.56041995,3.892536583223657
5788,BBB pass,1.890754625,1.7776314399802609
5794,BBB pass,2.907085383,3.14724587214751
5795,BBB pass,3.100156026,3.3648389173235995
5807,BBB pass,4.161977085,3.8281120515776546
5817,BBB pass,3.380893814,3.1659244304553305
5828,BBB pass,3.92853809,3.56598629278084
5833,BBB pass,3.650271758,3.7374059340332217
5845,BBB pass,3.610037984,3.2095391511287628
5848,BBB pass,4.099083932,4.248924581698637
5856,BBB pass,4.101279244,4.222155757674223
5860,BBB pass,3.910259316,3.963140829227007
5863,BBB pass,3.879215194,3.9386288942365297
5876,BBB pass,3.10382204,2.658231715112395
5895,BBB pass,2.918606915,3.578614547796074
5896,BBB pass,3.144975282,3.388151139758912
5908,BBB pass,4.555610295,4.495004872414284
5909,BBB pass,4.430671559,4.343425970342224
5912,BBB pass,4.808401867,4.617379025288765
5913,BBB pass,4.407714001,4.324581371893022
5914,BBB pass,4.647474339,4.374189174423684
5951,BBB pass,3.879930534,4.126112748531928
5955,BBB pass,4.012703964,3.8542676417505914
5986,BBB pass,3.49789371,4.026130815115858
5999,BBB pass,4.116377919,4.0439032027610695
6014,BBB pass,3.497518451,3.227469861297956
6017,BBB pass,2.724900913,3.036750013562454
6021,BBB pass,3.466007073,3.73751946102634
6023,BBB pass,4.423240831,3.8379432181555226
6024,BBB pass,4.980881683,4.142221470089811
6025,BBB pass,5.066034589,3.6813446153634786
6028,BBB pass,3.602715281,3.913092917485508
6036,BBB pass,3.768781004,3.6743678838729017
6042,BBB pass,3.617139003,3.6113803785350926
6046,BBB pass,1.788285217,4.3217794326182375
6061,BBB pass,3.511056332,3.5574008052142068
6069,BBB pass,3.214320921,3.7155907706271427
6070,BBB pass,3.391948211,3.812431228556296
6076,BBB pass,2.630689977,3.524311644910065
6077,BBB pass,3.269516836,3.526164349524819
6093,BBB pass,3.356404914,3.1028241196942368
6110,BBB pass,4.229189411,3.677281140787579
6141,BBB pass,2.875527879,3.3922876466503187
6155,BBB pass,3.436395825,3.566073840226864
6208,BBB pass,3.249003935,3.5662511789213482
6216,BBB pass,4.311161451,4.290162191232298
6246,BBB pass,2.872279322,2.6946691574995674
6256,BBB pass,3.654627793,3.746753605183997
6275,BBB pass,3.404254271,3.816040453413035
6277,BBB pass,3.384235101,3.0419355152979213
6287,BBB pass,4.086475838,3.731805422625062
6288,BBB pass,4.047891861,4.014453081739782
6290,BBB pass,4.102081625,4.150801502519397
6291,BBB pass,4.104581942,3.8318281477185034
6297,BBB pass,4.670005055,3.905794967105586
6298,BBB pass,4.674322702,3.9810832597787096
6308,BBB pass,3.204980704,3.204266843021875
6321,BBB pass,3.706993471,3.6142516909604336
6327,BBB pass,3.30543736,3.1714284676294024
6349,BBB pass,3.777315798,3.8551627704213356
6350,BBB pass,3.396865235,3.8898872438984933
6378,BBB pass,4.644658448,3.9007389531763232
6404,BBB pass,4.247422074,4.011234212800642
6432,BBB pass,3.148187032,3.158927241521868
6440,BBB pass,4.40322236,3.9342287994961023
6474,BBB pass,3.292962333,3.388151631312919
6477,BBB pass,5.311636621,4.721326379504575
6503,BBB pass,4.500324313,4.150614130698655
6521,BBB pass,3.74089536,3.0697903995264197
6525,BBB pass,2.845783408,3.0755542527407598
6529,BBB pass,3.448300428,3.7715629738993726
6541,BBB pass,4.250354935,3.491851245231239
6544,BBB pass,3.151506046,3.6232193379573823
6547,BBB pass,4.220516979,4.288568465593985
6577,BBB pass,3.980132784,3.256452293263711
6580,BBB pass,4.576604579,4.081282676842931
6607,BBB pass,3.21550009,3.6270903558888747
6610,BBB pass,3.203811365,3.388080711702551
6612,BBB pass,3.37023676,3.437571548378407
6614,BBB pass,3.460457529,3.71438852025758
6615,BBB pass,2.382354796,2.876913706337156
6622,BBB pass,3.000697954,3.162758045791057
6678,BBB pass,3.235749325,3.616332903221393
6682,BBB pass,3.544151338,3.52784628855919
6683,BBB pass,3.28014477,3.610950567573264
6687,BBB pass,3.229276448,3.173758893467212
6694,BBB pass,3.572900981,3.7689543779407253
6702,BBB pass,2.970904498,3.5356811797044365
6705,BBB pass,3.581458966,3.345676326883332
6708,BBB pass,3.563983615,3.0437024115221782
6709,BBB pass,3.563983615,3.21823418326898
6716,BBB pass,3.206294441,3.9548943590208196
6721,BBB pass,3.665040683,3.6761189748544445
6803,BBB pass,2.656521387,2.97817248933946
6822,BBB pass,3.011267981,3.2674508331395513
6824,BBB pass,3.268595971,3.432386914303452
6830,BBB pass,3.870612223,3.7780678411614455
6831,BBB pass,3.652041169,3.4984584281907583
6849,BBB pass,3.503404775,3.982081576269969
6853,BBB pass,3.837907887,3.5857777631189114
6857,BBB pass,3.856084118,3.121426550771229
6858,BBB pass,4.407921762,3.579355460743157
6884,BBB pass,4.036149909,3.8540649502743105
6892,BBB pass,3.381188819,3.7706386878706715
6896,BBB pass,2.431928382,2.471634838428106
6903,BBB pass,4.858777737,3.559369986285445
6909,BBB pass,3.233788349,3.6888822180898653
6911,BBB pass,2.97832035,3.9123383844325694
6913,BBB pass,3.717734383,3.535714905738816
6970,BBB pass,3.897021956,3.659195411848463
6971,BBB pass,4.183054621,3.967361080971985
6972,BBB pass,3.489149573,3.9655393570383786
6977,BBB pass,4.471523957,4.078332760760325
6981,BBB pass,3.564446621,3.727434120263149
6998,BBB pass,3.545373842,3.774146957833037
7000,BBB pass,3.870331278,4.070707382252067
7041,BBB pass,1.73194534,2.375668983210276
7046,BBB pass,2.06209741,2.3568972478390346
7055,BBB pass,1.3696796,1.9109159905971314
7057,BBB pass,1.900703748,2.153933961903501
7059,BBB pass,3.4581162,3.6177090061596515
7069,BBB pass,1.822018555,2.354902793445303
7082,BBB pass,3.978317497,3.8265729498845324
7083,BBB pass,3.068369357,3.5210386164945877
7088,BBB pass,3.230992159,3.4964733484349098
7089,BBB pass,3.065032675,3.5588928034240244
7091,BBB pass,3.356513555,3.4999519858700743
7105,BBB pass,3.904212147,3.7063511446179733
7106,BBB pass,4.170810106,3.898058773089357
7113,BBB pass,2.806089487,2.2714266251750903
7114,BBB pass,2.68115075,2.9299166480324166
7121,BBB pass,3.946779664,3.775253979246309
7123,BBB pass,4.531253847,3.7422471688081154
7133,BBB pass,4.793233195,4.615643396467854
7141,BBB pass,3.186103664,3.569837817568353
7149,BBB pass,2.919729046,2.9985745989545425
7150,BBB pass,2.979476109,3.246284998941867
7151,BBB pass,3.167905575,3.239543871261835
7154,BBB pass,3.633789252,3.1968332847041183
7159,BBB pass,2.959632775,3.053553154376749
7174,BBB pass,3.217647284,3.2974304108172783
7175,BBB pass,3.596538246,3.6718635577839223
7176,BBB pass,4.109192336,4.405277419435546
7182,BBB pass,4.057158199,4.07833203063699
7184,BBB pass,4.211057691,4.243968677322366
7188,BBB pass,4.295378577,4.143228566993626
7190,BBB pass,4.508764571,4.275249122841128
7194,BBB pass,4.638395114,4.195370804339224
7211,BBB pass,3.538896989,3.6261491959258922
7221,BBB pass,3.231844234,3.5961497657199977
7231,BBB pass,3.758288142,3.9288356711554746
7232,BBB pass,3.181387784,3.504803657496117
7242,BBB pass,3.512558841,3.5380193425323365
7245,BBB pass,3.618998001,3.692733288037635
7254,BBB pass,3.418881069,2.9793324928968654
7256,BBB pass,4.183311464,3.793968532573167
7266,BBB pass,3.371057782,3.382165620036204
7280,BBB pass,3.794307198,4.2348055210950575
7291,BBB pass,3.833601257,3.8795547448959935
7293,BBB pass,3.695560012,3.7312055980121364
7294,BBB pass,3.850684311,3.6631298307963442
7295,BBB pass,4.020946026,3.6579370017847017
7296,BBB pass,3.887407118,3.915320107904189
7299,BBB pass,3.122217699,3.3915654832872115
7300,BBB pass,3.56202294,3.7370933888995084
7301,BBB pass,4.191960209,3.454086039430993
7310,BBB pass,3.500449668,3.850883169915065
7311,BBB pass,2.144293316,2.977230278825029
7314,BBB pass,3.366194753,3.5343905702229903
7331,BBB pass,3.990359577,3.6864557244074656
7334,BBB pass,2.354630816,3.198218045563067
7345,BBB pass,2.338516069,2.551169107098582
7364,BBB pass,3.934132176,4.112304307613535
7366,BBB pass,3.621982447,3.6764933353788227
7367,BBB pass,3.3422835,3.7022417296997716
7399,BBB pass,3.82423124,3.9608572779862827
7403,BBB pass,4.048909318,4.035489726699856
7404,BBB pass,4.401665862,3.8428625499381788
7405,BBB pass,3.796305418,4.062783623898114
7409,BBB pass,3.425848742,4.0322097469759415
7433,BBB pass,3.617780112,3.9382345764868125
7445,BBB pass,3.68909921,3.8689883959556255
7448,BBB pass,4.934364336,3.6286017847111243
7488,BBB pass,4.054938462,3.92409896052905
7491,BBB pass,4.531127507,3.937929173487702
7496,BBB pass,4.357134093,4.083350358223506
7497,BBB pass,4.076221601,4.150382290747292
7506,BBB pass,4.098450471,4.2725324174970725
7510,BBB pass,4.173955561,3.9092098211996644
7513,BBB pass,3.499923406,3.9012080289138473
7528,BBB pass,3.377540581,3.4017269497395137
7535,BBB pass,3.885279531,3.4888196261231106
7544,BBB pass,3.22059037,3.1251263236281037
7554,BBB pass,2.861601716,3.034918802132788
7559,BBB pass,3.256685539,3.554789531502994
7576,BBB pass,3.446234174,3.6547830911612285
7581,BBB pass,3.467507474,3.677267501059192
7587,BBB pass,3.390343287,3.2512564546584475
7618,BBB pass,4.165472614,3.7651394029530416
7682,BBB pass,3.598495433,3.4376054303301546
7693,BBB pass,3.58880774,3.783420976666246
7700,BBB pass,2.935009204,3.491112434251474
7729,BBB pass,4.114493111,3.2534515022862727
7744,BBB pass,3.657018863,4.10104209624198
7748,BBB pass,4.315891662,3.4823361098719237
7749,BBB pass,3.989612944,3.479291234621167
7751,BBB pass,3.465851102,3.553083843494876
7758,BBB pass,4.045016386,3.533775735112347
7768,BBB pass,3.699625088,3.509853404191187
7771,BBB pass,3.417836912,3.637771838445785
7772,BBB pass,3.725756111,3.4886315318334353
7818,BBB pass,4.170020374,3.637774985059231
7842,BBB pass,3.500400667,3.278800687624511
7844,BBB pass,3.80213298,3.4073099463189176
7852,BBB pass,2.811243499,3.043389121603373
7861,BBB pass,3.756070734,3.433057749033169
7881,BBB pass,2.894597486,2.994687417504392
7940,BBB pass,3.00878261,3.1570810846434316
7944,BBB pass,4.470654664,3.443578005169997
7962,BBB pass,3.350273868,3.4082763154200877
7971,BBB pass,3.614126654,3.8592178502387005
7972,BBB pass,4.011270803,3.9283245224953336
7975,BBB pass,3.578663764,3.845151820390778
7978,BBB pass,4.000645172,3.7498942773371082
7980,BBB pass,3.652036526,3.520672244241066
7982,BBB pass,3.663708776,3.6232305208275113
7985,BBB pass,3.588282167,3.5634781915354927
7986,BBB pass,3.705662762,3.7227719604801264
8012,BBB pass,2.653877922,2.7280749372030435
8020,BBB pass,3.975443797,3.6860904389676667
8021,BBB pass,4.3545054,4.0327535722171834
8060,BBB pass,3.991005826,4.026975643724761
8066,BBB pass,4.212086778,4.148585717921156
8069,BBB pass,3.881375526,3.998102061617132
8072,BBB pass,2.52417275,3.131154533301133
8081,BBB pass,3.768416088,3.4874281173104973
8121,BBB pass,3.547557152,3.2879882776970937
8123,BBB pass,3.27479035,3.786149774997391
8134,BBB pass,3.903767268,3.821804397013728
8147,BBB pass,3.590646464,3.9649270430489825
8148,BBB pass,3.501586398,4.001219598366126
8171,BBB pass,3.239986305,3.1610623670481024
8173,BBB pass,3.495750803,3.357565837982184
8176,BBB pass,5.792280955,5.183807844190884
8178,BBB pass,3.576824499,3.3359872224295826
8208,BBB pass,3.897231866,4.023778101784616
8255,BBB pass,3.565860169,3.696267482617187
8256,BBB pass,3.519192488,3.7056300826915796
8262,BBB pass,3.301678996,3.656997858807675
8296,BBB pass,4.159048912,3.599581264970989
8299,BBB pass,3.06736418,2.5321549705575745
8308,BBB pass,3.398471056,3.0815585512462005
8320,BBB pass,3.161943352,3.215081070467696
8353,BBB pass,2.907724785,2.7551607370626954
8371,BBB pass,3.920464116,3.8247408570845662
8373,BBB pass,3.570818164,3.7240587585442237
8427,BBB pass,5.523228108,3.5154043454455137
8466,BBB pass,3.771848489,3.5006016320448587
8472,BBB pass,3.281621881,3.3321369123560696
8478,BBB pass,4.208489344,4.069463826136089
8481,BBB pass,3.349468331,3.5486914876150784
8543,BBB pass,3.667540114,3.5508225461176433
8557,BBB pass,3.964374672,3.584157996652816
8587,BBB pass,3.595875351,3.5341581817133045
8595,BBB pass,3.473216503,3.8000630962888264
8613,BBB pass,4.184695972,3.8537804026232467
8632,BBB pass,2.503978903,2.8824911070974357
8649,BBB pass,3.102073359,3.4181152290707693
8659,BBB pass,3.048409431,3.5945083396820245
8664,BBB pass,3.495019285,3.3669867367549844
8686,BBB pass,3.840140959,4.086510839205892
8697,BBB pass,5.204582531,3.424187413838968
8709,BBB pass,3.999608959,4.439940529491423
8711,BBB pass,3.586739972,3.590349757994317
8726,BBB pass,3.451960788,3.578446424722807
8733,BBB pass,2.799838324,3.044773637386085
8747,BBB pass,3.69961614,3.549867026550117
8764,BBB pass,3.635207198,3.5772149740188213
8765,BBB pass,3.627880102,3.52675855125124
8802,BBB pass,3.927597172,3.6545295007242755
8803,BBB pass,3.577460296,3.5394269559782576
8804,BBB pass,3.659036267,3.7393541592555857
8819,BBB pass,3.741498664,4.047339407658002
8835,BBB pass,3.916811368,3.7864930134692796
8859,BBB pass,2.915104476,2.7944558277790286
8873,BBB pass,4.50912072,4.069833852956185
8912,BBB pass,3.831883814,3.772333474775458
8936,BBB pass,4.053383322,3.1311048010187013
8948,BBB pass,3.638038811,3.679954652443198
8949,BBB pass,4.06577172,3.7865399374668662
8951,BBB pass,4.485008845,3.3863333797056896
8952,BBB pass,4.037849891,3.85608381838793
8962,BBB pass,3.653905345,4.260062647851608
8964,BBB pass,3.081078015,3.2577914035365536
8993,BBB pass,3.649901214,3.5809073061592125
9032,BBB pass,4.301789347,3.7255245602723854
9049,BBB pass,4.13166485,3.7282448544932207
9067,BBB pass,3.060802407,3.430632007095617
9081,BBB pass,2.547910664,3.165357442102839
9121,BBB pass,4.543864499,3.9628230251722876
9122,BBB pass,3.765713248,3.7733763441458295
9123,BBB pass,3.623045745,3.6956517452432327
9124,BBB pass,4.053531718,3.935011690397088
9160,BBB pass,3.713263676,3.8732539759156093
9179,BBB pass,3.572662118,3.522102255871197
9180,BBB pass,2.935437108,3.66629116297471
9259,BBB pass,3.323003928,3.5158854557245207
9311,BBB pass,3.971475319,3.8268718010626586
9320,BBB pass,3.28800668,4.183343426567574
9352,BBB pass,3.89460525,3.6749499482693584
9354,BBB pass,3.623571247,4.022585592862256
9355,BBB pass,4.113174305,3.8974401512312755
9391,BBB pass,4.103612841,4.370116246480414
9396,BBB pass,3.793403419,4.230908730365254
9404,BBB pass,3.980292936,3.7493776068995657
9425,BBB pass,3.034300699,3.6997086655707685
9431,BBB pass,4.045877907,3.962102770124756
9437,BBB pass,3.198248755,3.3435502034452704
9438,BBB pass,3.66198148,3.8186212245929836
9443,BBB pass,3.541710261,3.533724395332234
9447,BBB pass,3.995200576,4.315587617748098
9493,BBB pass,2.768866268,3.5226257323781467
9501,BBB pass,3.214876347,3.5372089430745985
9553,BBB pass,2.619285844,3.439528608924432
9559,BBB pass,3.874951377,3.967216448399068
9565,BBB pass,3.926153731,3.7941750626032613
9575,BBB pass,4.438021151,3.9144747809068994
9596,BBB pass,4.078280055,3.9360839307877424
9597,BBB pass,3.722328878,3.6424280844360686
9599,BBB pass,3.579237879,3.619924157026057
9601,BBB pass,3.708342842,3.5625679435408846
9602,BBB pass,3.898222235,3.7225280206157056
9603,BBB pass,3.887954704,3.6822321795763604
9604,BBB pass,3.972866497,3.906029771084707
9605,BBB pass,3.662006493,3.535537429395592
9607,BBB pass,3.78748409,3.627137895509085
9630,BBB pass,3.875560415,4.120848648311315
9640,BBB pass,4.463534178,4.1606403152461215
9641,BBB pass,4.109797832,4.252801209067816
9652,BBB pass,4.077067276,4.882079597455372
9653,BBB pass,3.763805278,4.443151816077306
9657,BBB pass,3.285622561,3.4852478278598538
9682,BBB pass,3.0027962,3.41816206394563
9683,BBB pass,2.995801713,3.4309338771742124
9706,BBB pass,4.780060837,4.441535656999538
9709,BBB pass,3.68485583,4.168005047580253
9726,BBB pass,4.391167072,4.0182224469195695
9753,BBB pass,6.804812899,4.848450682465778
9785,BBB pass,4.168091818,4.146339292127464
9805,BBB pass,3.902753759,4.256545425890602
9807,BBB pass,3.799909585,4.123833039896899
9819,BBB pass,4.052302683,3.760255143626012
9853,BBB pass,3.231045028,4.352574111156831
9862,BBB pass,2.899347773,2.889015282442009
9870,BBB pass,3.721619385,3.808419989536935
9918,BBB pass,3.437266297,3.7556889703683374
9920,BBB pass,4.183625677,3.2118982041645623
9938,BBB pass,5.415537564,5.056603116475991
9940,BBB pass,6.580379119,4.975178689574047
9941,BBB pass,3.527631716,3.1114573227189717
9954,BBB pass,3.88557708,3.9206097765656893
9955,BBB pass,3.950570141,3.900889470126357
9957,BBB pass,3.126425333,3.230378983949993
9958,BBB pass,3.27907195,3.4890885605488617
9959,BBB pass,3.712818,3.8000440692011037
9960,BBB pass,3.924010794,3.876316561614583
9972,BBB pass,6.146735623,4.814089034455588
9973,BBB pass,3.267626456,4.075341514127266
9974,BBB pass,3.942152127,3.9633464127365943
9975,BBB pass,4.126543152,4.471973207583349
9976,BBB pass,6.502082826,4.904082906893224
9977,BBB pass,4.923463702,4.449603132726154
10005,BBB pass,4.014369007,4.04078475608716
10009,BBB pass,4.019307421,3.6060072352217847
10038,BBB pass,6.16979541,4.008118316508523
10040,BBB pass,6.14472206,3.749775770053133
10043,BBB pass,3.097689114,3.520459825774491
10045,BBB pass,4.381144139,3.4717524374370985
10048,BBB pass,6.545457217,4.1920299778014
10062,BBB pass,3.527234841,3.7170529463591424
10068,BBB pass,3.004380092,2.984093276270414
10069,BBB pass,3.437945844,3.2068218583316295
10089,BBB pass,4.068075975,3.798102234121006
10102,BBB pass,4.224650878,3.992277834809134
10108,BBB pass,6.541541803,4.5849605810534175
10112,BBB pass,4.853567183,4.456861925676269
10115,BBB pass,3.4384664,3.588977445004034
10126,BBB pass,6.762068698,4.824648634269104
10135,BBB pass,3.14906508,3.5803391936646025
10137,BBB pass,4.540534371,4.076404202897313
10139,BBB pass,3.295089663,3.4763180771362947
10141,BBB pass,2.789267255,3.309979473045498
10142,BBB pass,3.534698392,3.668173726826173
10174,BBB pass,3.871920319,3.682341442096224
10176,BBB pass,3.882904832,3.9939400927983355
10177,BBB pass,3.795195507,3.615991593261909
10180,BBB pass,3.581501657,3.6333651801051405
10191,BBB pass,3.524423662,4.1468784512455015
10205,BBB pass,1.684011352,3.892784540170863
10207,BBB pass,3.00327103,2.9628416841489775
10211,BBB pass,4.067383908,3.802752702758766
10218,BBB pass,3.606942541,3.8562416758423055
10271,BBB pass,2.588408214,3.183372702363111
10285,BBB pass,3.266464079,3.3510675348227164
10288,BBB pass,3.272966258,3.448123539531037
10347,BBB pass,4.136186617,4.712069024982502
10351,BBB pass,5.323685147,4.548198947094605
10352,BBB pass,4.435402538,3.6858808756432406
10360,BBB pass,3.897438568,3.875434190149684
10384,BBB pass,3.266334938,3.6292622767333573
10406,BBB pass,3.307606015,3.1255821907375125
10408,BBB pass,3.886385805,4.082913128038483
10416,BBB pass,2.970543158,3.1121792142537896
10447,BBB pass,3.558678577,3.491496146872958
10462,BBB pass,3.38759353,3.100769424204718
10473,BBB pass,4.09332244,3.5565326391207837
10477,BBB pass,3.236873013,3.184380561059406
10481,BBB pass,3.505747955,3.4679722352620224
10490,BBB pass,6.264845851,5.39419293246917
10492,BBB pass,3.387005199,3.492628336838852
10496,BBB pass,3.355512819,3.780241081706247
10511,BBB pass,3.586924708,3.616401551357253
10512,BBB pass,2.773973758,3.1013677570499505
10517,BBB pass,3.33542794,3.998070111468058
10533,BBB pass,4.784471846,4.646498609171459
10534,BBB pass,3.840175821,4.030376586878242
10540,BBB pass,3.554147405,3.4981510660304407
10551,BBB pass,4.459198563,3.7267220364594476
10552,BBB pass,5.167851749,3.844340858623255
10556,BBB pass,3.148029935,2.7691618382005063
10583,BBB pass,3.660648683,3.886666319226528
10591,BBB pass,4.160231694,3.5261547628190497
10608,BBB pass,3.118841344,3.274896185742568
10613,BBB pass,3.482860828,3.526326605179201
10614,BBB pass,4.535849972,3.6952731225551845
10637,BBB pass,3.602604457,3.406611784155598
10642,BBB pass,4.175470395,4.483135938805888
10645,BBB pass,3.802439232,4.084960013876671
10660,BBB pass,4.50399757,3.705421221636667
10665,BBB pass,4.298095128,3.0707558855208106
10666,BBB pass,4.050041238,3.563189469280579
10668,BBB pass,3.823266325,3.2045315362627798
10671,BBB pass,3.71436569,3.247692701848326
10682,BBB pass,3.275043934,3.341871201112483
10684,BBB pass,3.528586173,3.3406270339307476
10708,BBB pass,4.595292195,3.9489996562203804
10722,BBB pass,3.494647072,3.4942413989899723
10743,BBB pass,2.227140594,3.274757832072066
10773,BBB pass,3.694846407,3.66157931106023
10781,BBB pass,2.967935195,3.0483770090325604
10789,BBB pass,3.292807452,3.7861718986338637
10791,BBB pass,4.109786238,3.5077625366959793
10792,BBB pass,2.956957394,3.8828121334272323
10817,BBB pass,3.96672236,3.6718696868645364
10840,BBB pass,3.265388639,3.7066668097878503
10855,BBB pass,3.879149149,3.920939097979634
10862,BBB pass,2.880108244,2.888762650806775
10863,BBB pass,3.212137274,3.517957489734512
10877,BBB pass,2.916725846,2.8790063691599506
10883,BBB pass,2.926676786,3.23309222842602
10901,BBB pass,3.310068498,3.526889092337958
10930,BBB pass,3.178249318,3.5555726781835526
10931,BBB pass,3.336847166,3.2792932988378727
10980,BBB pass,3.383174818,3.9131725827433113
10983,BBB pass,3.92688883,3.9660709762487016
10988,BBB pass,3.848780534,3.6238051145342185
10992,BBB pass,3.405427948,3.8425543881998965
10997,BBB pass,3.380760225,3.1068925311972393
10998,BBB pass,3.408370938,3.572313489827035
11000,BBB pass,2.829874415,3.522788426580308
11003,BBB pass,3.740162915,3.7730044072855597
11024,BBB pass,3.848771745,3.7018111462417895
11030,BBB pass,3.443655631,3.540941135051978
11036,BBB pass,2.803002354,3.3979452073292515
11042,BBB pass,3.189321841,3.0798773927771848
11044,BBB pass,3.646988041,3.7999900978337107
11088,BBB pass,3.20920959,3.2826895720537568
11092,BBB pass,2.889711287,3.7197851470668866
11093,BBB pass,2.942508754,3.5807529989602385
11105,BBB pass,3.566479581,3.9478772780087645
11108,BBB pass,3.535910937,3.8057014098389432
11118,BBB pass,2.767355336,3.502410661862412
11123,BBB pass,3.524273226,3.3007769298179728
11125,BBB pass,3.342419156,3.11011136199234
11145,BBB pass,3.061793332,3.160268719786071
11153,BBB pass,3.258811487,3.810296853406048
11160,BBB pass,3.895097809,3.481449295670089
11164,BBB pass,3.146820287,3.3931207499014184
11178,BBB pass,3.025893813,3.4843582072634742
11199,BBB pass,2.74095697,3.114620410703797
11221,BBB pass,3.144443822,3.3180271885777897
11253,BBB pass,3.083349308,3.2969482105761116
11256,BBB pass,3.859185491,4.119829820681664
11257,BBB pass,2.93568077,3.075202968071059
11309,BBB pass,4.065432394,4.045614359701114
11312,BBB pass,3.111208728,2.952010747526907
11313,BBB pass,4.099294967,3.1962761485601265
11325,BBB pass,3.29305671,3.1939279323376675
11326,BBB pass,3.29305671,3.4590439113160065
11327,BBB pass,3.043179236,3.2382605532805644
11328,BBB pass,3.372676799,3.851068470300005
11329,BBB pass,3.275470042,3.1815666526097575
11344,BBB pass,3.478915522,3.5402562255544607
11354,BBB pass,3.131742982,3.354329664221032
11372,BBB pass,3.667281136,3.468449389511259
11374,BBB pass,3.083458822,3.172923088425952
11427,BBB pass,3.383308992,3.5793385193734664
11443,BBB pass,3.3433692,3.585804361039513
11444,BBB pass,3.471268235,3.6036143878378675
11446,BBB pass,3.145557218,3.3613343568119847
11466,BBB pass,2.91171178,3.5003163443082888
11500,BBB pass,3.272585973,3.743449048265259
11511,BBB pass,3.166839446,3.4852156579827995
11544,BBB pass,3.625141508,3.198081038836762
11567,BBB pass,3.460051472,3.5977076538886488
11587,BBB pass,3.541314593,3.377313147191091
11609,BBB pass,3.447705208,3.639624446927722
11631,BBB pass,3.537169055,3.8048285675163447
11632,BBB pass,3.060081366,3.5836824103744047
11633,BBB pass,3.327346445,3.3434712115585974
11634,BBB pass,4.566392705,3.503318682448429
11637,BBB pass,3.693150417,3.616205278622143
11684,BBB pass,3.895462603,4.056596095822908
11685,BBB pass,4.13669901,4.363226445117736
11691,BBB pass,4.154749364,4.193170830320828
11729,BBB pass,4.689745531,3.459100037524067
11730,BBB pass,4.799879836,3.5453383537674963
11731,BBB pass,4.872123465,3.5752496324584553
11734,BBB pass,4.051721558,4.053530038500018
11758,BBB pass,3.720523525,3.35819774444811
11769,BBB pass,4.299945385,3.8125180809965835
11770,BBB pass,4.035324654,3.7796514366576046
11778,BBB pass,4.571661869,4.053178156854899
11846,BBB pass,3.397837053,4.055207391942026
11881,BBB pass,4.139175673,3.569981774007277
11882,BBB pass,4.223584934,3.701400486044175
11933,BBB pass,3.220333621,3.759271236687294
11941,BBB pass,3.638050893,3.3325106827141906
11942,BBB pass,3.998265231,4.427345801567055
11943,BBB pass,3.712269231,3.8416499751739734
11947,BBB pass,3.882841036,3.8019981734207096
11950,BBB pass,3.335024393,3.847752839096061
11953,BBB pass,3.010925398,3.919799372392961
11955,BBB pass,3.627511757,3.824067088748476
11975,BBB pass,3.71048201,3.996211493113783
11976,BBB pass,3.745321204,3.472699295865438
11977,BBB pass,3.547575469,3.2665531124716405
11978,BBB pass,3.610063296,3.26692141875121
11979,BBB pass,3.277215264,3.0793381445621466
11980,BBB pass,3.64921542,3.3670310565047075
11990,BBB pass,3.022128315,3.7091525862450814
12001,BBB pass,3.244148658,3.3202342461915615
12012,BBB pass,4.055519594,3.917574400887016
12019,BBB pass,3.524677015,3.4811520267258
12050,BBB pass,3.739373257,3.411696870550813
12053,BBB pass,3.659298055,3.882953538549617
12058,BBB pass,3.656327727,3.46108803537986
12062,BBB pass,3.410267409,3.669055743036963
12063,BBB pass,3.408072172,3.736618959266688
12071,BBB pass,3.58045474,3.671096459987096
12107,BBB pass,3.329033611,3.0158217229686937
12116,BBB pass,3.920931124,3.799581821126024
12137,BBB pass,3.447813115,3.4118888240326273
12154,BBB pass,3.775936501,3.933303084101777
12157,BBB pass,3.89279142,3.9854372574268977
12158,BBB pass,3.720655357,3.7713207507176483
12159,BBB pass,3.802301051,3.8686532315044437
12194,BBB pass,3.713110684,3.5454079943643038
12197,BBB pass,3.468800592,3.4207360494941645
12198,BBB pass,3.80937249,3.2787795679557625
12199,BBB pass,3.82787049,3.4579105415555196
12200,BBB pass,3.447592109,3.3166359718330276
12201,BBB pass,3.790051413,3.138285447786273
12208,BBB pass,3.267299487,3.1346174279566315
12215,BBB pass,3.971713721,3.90131468073302
12218,BBB pass,2.951464031,3.026472521615896
12252,BBB pass,3.578940094,3.853825586335772
12253,BBB pass,3.6225221,3.781898763155896
12260,BBB pass,4.10079838,3.9379703391303975
12261,BBB pass,4.17005374,3.895198033100087
12265,BBB pass,3.393756849,3.649571349460214
12293,BBB pass,4.944172571,3.9378590145138666
12383,BBB pass,3.657113245,3.706085702038657
12385,BBB pass,3.758098531,3.764151374661039
12434,BBB pass,3.31625857,3.6246476703618575
12472,BBB pass,3.331132797,3.6886319553777387
12476,BBB pass,3.462634089,3.770037975279045
12502,BBB pass,4.118172575,3.95873926445139
12510,BBB pass,3.644735685,3.840748966297489
12523,BBB pass,4.786054319,3.790424201017353
12526,BBB pass,3.805089234,3.8637794491973643
12534,BBB pass,3.609992115,3.7666186868493123
12556,BBB pass,3.242492507,3.223968883034676
12562,BBB pass,3.665339724,3.612770474386803
12563,BBB pass,3.709981287,3.5179044759435962
12564,BBB pass,3.688233847,3.5029031416215184
12566,BBB pass,3.621582408,3.4395804716221954
12570,BBB pass,3.48055019,3.4392361682964023
12574,BBB pass,3.228461956,3.4345104619200133
12581,BBB pass,3.410759162,3.950506656442106
12582,BBB pass,3.193817247,2.996062519830701
12595,BBB pass,3.778769938,4.003235890859538
12605,BBB pass,4.016250957,3.7966946818885616
12622,BBB pass,3.461500528,3.256766250092624
12644,BBB pass,3.62823038,4.086128144569001
12652,BBB pass,4.316450531,4.120629772931973
12664,BBB pass,3.447645822,3.3531461989786537
12678,BBB pass,3.958842494,3.8269060230076914
12681,BBB pass,3.679831516,3.6350851573261918
12682,BBB pass,3.68899949,3.6430753265756173
12686,BBB pass,4.107042176,4.281233687114635
12696,BBB pass,3.73556611,3.732325063134754
12711,BBB pass,4.513007951,3.977183614075523
12719,BBB pass,3.612381153,3.8611665197238203
12727,BBB pass,4.419390124,3.849623354986804
12738,BBB pass,4.143660034,4.035423614230164
12739,BBB pass,3.814833602,3.924636517901816
12741,BBB pass,3.650800804,3.906481529712754
12747,BBB pass,4.403832977,4.1602338676343535
12764,BBB pass,3.350751818,3.5252540899738576
12772,BBB pass,3.778748781,3.7512020228421123
12773,BBB pass,3.717230743,3.8918283890802163
12783,BBB pass,3.487253418,3.3289865856843677
12790,BBB pass,3.696087915,3.635899639047629
12798,BBB pass,3.591791743,3.6860103151072985
12803,BBB pass,3.92569232,3.8473974239673856
12805,BBB pass,3.663971686,3.555679747993162
12811,BBB pass,3.686936163,3.6521855743235836
12812,BBB pass,4.388069215,3.835514982365405
12813,BBB pass,4.711863445,3.978039074068933
12825,BBB pass,3.430842298,3.7945510677244236
12830,BBB pass,3.307213937,3.5938486437175023
12836,BBB pass,3.320837697,3.876098665998033
12854,BBB pass,3.669132509,3.7986510023737825
12861,BBB pass,4.223562276,3.862988574909216
12896,BBB pass,3.6026548,3.7342834136975727
12901,BBB pass,3.560067711,3.9998915953898138
12906,BBB pass,3.424352324,3.7840991689895045
12907,BBB pass,3.623456048,3.546454190540491
12910,BBB pass,3.606540664,3.6149910375823318
12911,BBB pass,3.500168754,3.1960008199314407
12914,BBB pass,4.044141082,3.5502071673129434
12916,BBB pass,3.557810003,4.181038675386604
12925,BBB pass,3.876465947,4.02689760825549
12926,BBB pass,3.754872319,4.172765620772476
12927,BBB pass,3.879321717,3.899034655183807
12934,BBB pass,3.70289533,3.7523600837619457
12937,BBB pass,4.362397643,3.8117904476266915
12949,BBB pass,3.958842494,3.8239206185909076
12950,BBB pass,4.083781231,3.8672706211817305
12955,BBB pass,3.737759004,3.8386459322251123
12996,BBB pass,3.643008284,3.7709144349956976
13001,BBB pass,7.350914459,3.6173946595916977
13018,BBB pass,3.698745044,3.9848105542151613
13019,BBB pass,4.449009139,3.6046376790810273
13033,BBB pass,3.775825176,3.7634236083025545
13034,BBB pass,3.858614528,3.8719819326939007
13035,BBB pass,4.124657905,4.196114377207953
13040,BBB pass,4.074831395,4.013391377403572
13050,BBB pass,3.870421673,4.240009217071133
13059,BBB pass,3.664045654,3.7491713256952646
13093,BBB pass,3.933830926,3.6568806977350357
13094,BBB pass,3.461289454,3.9585609827774997
13099,BBB pass,3.737767988,3.4976999126850337
13104,BBB pass,4.154576117,3.8888305879235587
13105,BBB pass,4.648612637,3.6209785017236813
13131,BBB pass,3.795168433,3.758325046472049
13139,BBB pass,3.707179196,3.545016092273693
13142,BBB pass,4.012626351,3.742139014060284
13145,BBB pass,4.15054538,4.338381618956365
13150,BBB pass,4.220432617,3.6878356644643486
13152,BBB pass,3.825910561,3.713321696290737
13162,BBB pass,4.526500815,3.7193266045716595
13165,BBB pass,4.36855959,3.859888226129054
13184,BBB pass,3.896819598,3.6167826974756117
13194,BBB pass,3.766922483,3.744462810501078
13211,BBB pass,4.406742749,3.7982230515140185
13212,BBB pass,4.009221364,3.998097099587473
13213,BBB pass,3.858920698,4.106570840347717
13214,BBB pass,5.153299192,4.283959799356729
13215,BBB pass,5.126092426,4.319660688781507
13216,BBB pass,3.356191522,3.627577413296864
13217,BBB pass,3.838478479,3.4437296167511455
13218,BBB pass,4.999079615,4.2785322892228415
13219,BBB pass,3.956561163,4.058766682771898
13223,BBB pass,3.27479035,3.5358307931998554
13237,BBB pass,3.266039774,4.248253579663986
13284,BBB pass,3.356259818,3.8949978549413036
13285,BBB pass,3.405376178,3.5488211507490908
13290,BBB pass,3.67259479,3.675979625449131
13294,BBB pass,3.594907289,3.6883099719877888
13297,BBB pass,3.917065478,3.720547808831136
13306,BBB pass,3.831626045,3.8528266967096654
13311,BBB pass,3.805800123,3.4276830751832144
13330,BBB pass,3.461399471,3.440802190471397
13333,BBB pass,3.837377973,3.8088328794610704
13334,BBB pass,3.619185955,3.7249782380923446
13355,BBB pass,4.169402548,3.9001835344142455
13358,BBB pass,3.743501365,3.674153268895105
13369,BBB pass,3.948717,3.9952777020904016
13381,BBB pass,3.697427072,3.76537801382966
13382,BBB pass,3.733248868,3.6684054347372754
13386,BBB pass,3.664348116,3.536120844192945
13407,BBB pass,3.472505702,3.36781190552421
13444,BBB pass,3.73139496,3.905123375746864
13451,BBB pass,3.887453525,4.673352106273663
13453,BBB pass,3.915300881,3.845284011934283
13455,BBB pass,3.038790191,3.273289766013507
13460,BBB pass,3.14545125,3.553892801716582
13466,BBB pass,2.958588727,3.374904966707902
13469,BBB pass,3.005810041,3.2665533399648834
13470,BBB pass,3.060522577,3.2767713000903833
13472,BBB pass,2.739327045,3.209437890853055
13477,BBB pass,3.084019739,3.380212831063264
13478,BBB pass,3.481959747,3.5101784462624375
13479,BBB pass,3.084019739,3.4106645821145127
13482,BBB pass,4.200364517,4.001104559884859
13504,BBB pass,3.668738588,3.917537574423685
13505,BBB pass,3.719193556,3.933149653156116
13507,BBB pass,3.930046921,4.118066481855583
13522,BBB pass,3.907507331,4.096834920273617
13526,BBB pass,3.588895682,3.5614774680455836
13540,BBB pass,4.235229556,3.642905095979044
13546,BBB pass,3.13112251,3.6831444534174835
13555,BBB pass,4.111907426,3.844107286004357
13556,BBB pass,3.412307635,4.029234079175922
13572,BBB pass,3.616060827,3.855899548150519
13575,BBB pass,4.525680874,4.136624298957581
13582,BBB pass,4.27306818,3.8539327694035603
13611,BBB pass,3.937900114,3.634963394413556
13616,BBB pass,4.139392768,3.5923805304016208
13671,BBB pass,3.919689035,4.078380807348582
13673,BBB pass,3.315887815,3.70442132731741
13676,BBB pass,3.645032577,3.8533970952834826
13694,BBB pass,3.459915437,3.491973387154361
13717,BBB pass,3.866575929,3.948389507153195
13753,BBB pass,4.294357455,4.189167643375805
13754,BBB pass,3.914146213,3.870936191648027
13769,BBB pass,3.81542425,4.189424626027942
13771,BBB pass,3.88645371,3.7923503130266254
13778,BBB pass,3.711775103,3.7283375634533114
13781,BBB pass,3.699579437,3.707096372974474
13791,BBB pass,4.243620853,3.9680069158306104
13801,BBB pass,3.746602232,3.792337628435843
13817,BBB pass,3.893959109,3.7032258482705833
13821,BBB pass,3.68426352,3.498313951679848
13824,BBB pass,3.622517957,3.6186772280169706
13836,BBB pass,4.250551735,3.8877922064246278
13838,BBB pass,4.154576117,4.090005329365756
13843,BBB pass,3.722228345,3.578058685922882
13855,BBB pass,4.449202012,4.234666549468945
13859,BBB pass,4.311142594,3.904473471266583
13861,BBB pass,4.082773064,4.222684456344014
13866,BBB pass,3.639031038,3.89580491385967
13873,BBB pass,3.859874583,4.084815790518713
13874,BBB pass,4.337503631,4.1006974566359276
13875,BBB pass,3.435376093,3.8236025363602706
13879,BBB pass,4.000575576,4.245242706593918
13885,BBB pass,3.764240199,3.762464154260457
13891,BBB pass,3.289305797,3.491763193429819
13895,BBB pass,3.469422871,3.641462371592743
13908,BBB pass,4.099371746,3.7463622001622383
13909,BBB pass,5.125492109,3.8064996991786177
13924,BBB pass,4.012705441,3.92296027400615
13925,BBB pass,3.517855419,3.9249107199333695
13931,BBB pass,3.383316179,3.512238068502223
13940,BBB pass,4.202249096,3.9898944467469026
13947,BBB pass,3.802890954,3.949371272547837
13949,BBB pass,5.111591061,3.6318065539179996
13959,BBB pass,4.406132945,3.8480633671164566
13961,BBB pass,4.15086044,3.590513669590985
13972,BBB pass,3.727153321,4.77468005280117
13979,BBB pass,3.74206129,4.299609036190959
13993,BBB pass,4.107197246,3.9971438633728704
13994,BBB pass,5.758611847,4.490670431320072
13996,BBB pass,5.728648623,4.399716176522596
14004,BBB pass,3.690208741,3.687353530412503
14012,BBB pass,3.608081885,3.697529668838743
14029,BBB pass,3.561699121,3.563529803167921
14038,BBB pass,4.029689643,3.6226328057995905
14051,BBB pass,4.375754019,3.9840521268970424
14052,BBB pass,4.422766246,4.019601406089832
14053,BBB pass,4.436916638,4.065675226466382
14054,BBB pass,4.733271221,4.32558715716809
14055,BBB pass,3.879710129,3.927538173235066
14057,BBB pass,3.719841532,4.028667152935176
14058,BBB pass,4.444170956,4.007319613744319
14059,BBB pass,4.285654808,3.9642390432098176
14063,BBB pass,4.543969045,3.686566726986978
14065,BBB pass,3.85980069,3.855108454582105
14070,BBB pass,4.507009018,4.04306128524746
14071,BBB pass,4.04620102,3.849917544564844
14072,BBB pass,4.095419043,3.7590523549730817
14073,BBB pass,4.174350597,4.082855383185313
14074,BBB pass,3.935089453,3.931054575756979
14075,BBB pass,4.819074293,4.023824091221456
14077,BBB pass,4.130921204,3.571487794628931
14080,BBB pass,4.458347254,4.296189721752937
14084,BBB pass,3.806229653,3.6960970205385424
14086,BBB pass,3.539615494,3.6810421888323765
14091,BBB pass,3.384953128,3.747447052192223
14097,BBB pass,3.661485185,3.776491354873969
14112,BBB pass,4.013194159,4.184414722951673
14120,BBB pass,3.815554921,3.97321927358407
14122,BBB pass,4.572516872,4.09992987055787
14133,BBB pass,4.422315652,4.050846706906456
14139,BBB pass,4.237633678,4.280273964514419
14144,BBB pass,3.677189663,3.793571085488357
14146,BBB pass,3.413263991,3.3587713394579284
14151,BBB pass,3.670630132,3.726964119781557
14154,BBB pass,3.399676158,3.5137919905746773
14155,BBB pass,3.91129271,3.718831989191186
14156,BBB pass,3.456479304,3.235245150818871
14159,BBB pass,3.425874788,3.9728636309232725
14163,BBB pass,3.267758217,3.5537181081479146
14165,BBB pass,4.075621349,4.188694479233335
14185,BBB pass,3.734932634,3.5991373976704817
14190,BBB pass,3.283427879,3.5306308546069234
14205,BBB pass,5.072347949,4.202383445136405
14210,BBB pass,4.568456816,4.336474649369054
14211,BBB pass,5.697995038,4.560393223910761
14224,BBB pass,4.262476139,3.9050323088921908
14233,BBB pass,3.830124098,3.7033057747744333
14234,BBB pass,5.609957324,4.636919365100297
14239,BBB pass,3.665230216,3.6756993504264996
14297,BBB pass,2.739438167,3.1543574805982995
14319,BBB pass,2.850673061,2.862786399027024
14331,BBB pass,2.933797207,3.462047352104476
14338,BBB pass,2.992475753,2.9665213732076303
14340,BBB pass,3.143534697,3.495688035891997
14341,BBB pass,3.565439887,3.7524251010454264
14342,BBB pass,2.975494677,3.1131059161071892
14379,BBB pass,2.986261235,3.2773750399871755
14382,BBB pass,3.28399927,3.03455143726918
14385,BBB pass,3.266456445,3.929202506049648
14409,BBB pass,3.576149963,3.565421030056454
14410,BBB pass,3.014563515,3.5578885558543054
14412,BBB pass,3.909011215,4.209456077171682
14426,BBB pass,3.547497341,3.7168267414119214
14427,BBB pass,3.588242309,3.5913580269819394
14457,BBB pass,3.780688345,3.7133053663145548
14467,BBB pass,4.754638788,3.758077726147507
14470,BBB pass,3.123564935,4.3848286802972085
14481,BBB pass,3.351596001,3.6377720246633825
14495,BBB pass,5.243257683,3.892130349666604
14496,BBB pass,5.099168592,3.8112252602481003
14527,BBB pass,3.95485915,4.290648282883993
14536,BBB pass,3.22911946,3.586694375799867
14543,BBB pass,4.279371661,4.0945398747937976
14578,BBB pass,3.561684426,3.8337042457241655
14584,BBB pass,4.328985419,4.366370517550556
14626,BBB pass,4.488067648,3.6064229312373453
14692,BBB pass,3.997117161,3.6712233956646476
14709,BBB pass,3.64660081,3.7012428385919813
14715,BBB pass,3.659038526,3.7366303731880093
14716,BBB pass,3.574605771,3.5329494345335237
14718,BBB pass,3.619872923,3.602281742799434
14729,BBB pass,4.70044319,4.5274982129469
14741,BBB pass,3.051422666,2.7014914200273163
14768,BBB pass,3.534464194,3.915332721203647
14836,BBB pass,4.004666952,3.542909085729379
14886,BBB pass,3.342337228,3.3339127738898635
14913,BBB pass,4.024740681,3.878704134409896
14914,BBB pass,3.798491812,3.618867503270643
14915,BBB pass,4.212773374,4.012945874027989
14916,BBB pass,4.113050607,3.917062187551509
14917,BBB pass,3.983636898,3.729506525584427
14918,BBB pass,3.323893497,3.7394689966229464
14919,BBB pass,3.418090851,3.5034293782645305
14952,BBB pass,3.675990169,3.5914788032331137
14959,BBB pass,4.016425319,3.5039999939569246
14963,BBB pass,3.643640529,3.564754647073601
14978,BBB pass,4.171238756,3.9316912010509784
14989,BBB pass,3.347276592,3.619627121805753
15005,BBB pass,3.586141146,3.575549264812001
15028,BBB pass,3.342913726,3.454262453760698
15031,BBB pass,3.649151798,2.9320462734640165
15036,BBB pass,4.158065437,3.7001917609780888
15037,BBB pass,2.782663691,2.735763623920858
15040,BBB pass,2.122789096,2.8303445812441637
15043,BBB pass,2.914375846,2.7747273046943493
15044,BBB pass,2.81120124,3.016576325696647
15045,BBB pass,4.608965526,3.9232603317383905
15047,BBB pass,3.592261376,3.631174780935427
15051,BBB pass,2.554414045,2.8985570217750607
15060,BBB pass,3.087678903,3.565294844016384
15085,BBB pass,3.756097932,3.749468148609548
15093,BBB pass,4.019521851,3.9787674186411475
15095,BBB pass,4.660125219,4.106828054320598
15097,BBB pass,3.788426202,4.008298857134493
15136,BBB pass,2.778810234,2.818878431898857
15140,BBB pass,4.984245526,3.756484936647798
15155,BBB pass,2.924250562,3.1183466558401935
15174,BBB pass,2.749689088,2.933314195025698
15176,BBB pass,2.963714062,3.668346167974616
15177,BBB pass,3.334832862,3.452254486033606
15180,BBB pass,3.236045253,3.406162003835425
15187,BBB pass,2.687895158,3.3911467115285197
15199,BBB pass,4.02419166,3.236596635127833
15201,BBB pass,2.779147777,3.4818758539581953
15203,BBB pass,3.573721745,3.954225697730503
15207,BBB pass,3.597559382,3.6407919879170505
15223,BBB pass,3.550326648,3.4322558358854844
15231,BBB pass,4.283482955,3.9022520221840113
15234,BBB pass,2.619535422,2.990217887772449
15236,BBB pass,2.680054922,3.239150647818183
15244,BBB pass,4.027127533,3.9505048945866266
15248,BBB pass,3.878898225,3.5009968344639177
15250,BBB pass,2.821541854,3.4798284219136204
15259,BBB pass,4.272215937,3.8894822565247082
15261,BBB pass,3.9297943,3.8933912238051462
15268,BBB pass,3.038392735,3.235117613094259
15274,BBB pass,3.345507038,3.0191600263530898
15296,BBB pass,3.264021674,3.4738357449183797
15303,BBB pass,4.356986704,4.029866535881671
15305,BBB pass,3.048957416,3.7688484784734393
15319,BBB pass,2.75097487,2.727240789856283
15325,BBB pass,3.400517198,3.3620282208598553
15350,BBB pass,2.657071158,3.4384403198743234
15351,BBB pass,3.83566521,2.5574782984055675
15352,BBB pass,3.927259123,3.5579469867340396
15390,BBB pass,3.38440539,3.1433586794611754
15392,BBB pass,4.285851347,3.6090939804293973
15401,BBB pass,4.507639056,3.6164639020017995
15415,BBB pass,2.912567441,2.474366273032322
15431,BBB pass,3.907724785,3.971702648679388
15437,BBB pass,3.119671871,3.0863096632552693
15444,BBB pass,4.02234234,3.9163055557382
15457,BBB pass,4.490516098,3.9577658063232692
15463,BBB pass,3.321427192,3.2772729215838874
15467,BBB pass,3.977270085,4.018491761425821
15484,BBB pass,5.57960832,4.550884594168253
15485,BBB pass,5.029984069,4.755476808027386
15489,BBB pass,4.299413587,3.7439624414767834
15498,BBB pass,3.005455271,2.6418852778036515
15499,BBB pass,3.303253671,3.264045047916884
15504,BBB pass,3.807030981,4.070604909372522
15548,BBB pass,4.182495493,3.7627417586401943
15571,BBB pass,3.355080107,3.135668328867259
15588,BBB pass,3.404690984,3.431862476770794
15595,BBB pass,3.463171726,3.385839963189418
15609,BBB pass,2.803725768,3.266760424721019
15618,BBB pass,3.746833594,3.8727039406804313
15628,BBB pass,3.274596542,3.2177523590709383
15633,BBB pass,4.239925949,4.128010255968274
15638,BBB pass,4.228761887,3.7496450030928328
15691,BBB pass,3.762751221,3.4231515574192164
15713,BBB pass,4.04203857,4.013454350255818
15717,BBB pass,3.876857662,3.552465682948638
15718,BBB pass,3.643138828,3.266675407021144
15761,BBB pass,3.551216842,3.6373094728089272
15767,BBB pass,3.365566705,3.5944083742663135
15768,BBB pass,3.435412509,3.5697872397919737
15769,BBB pass,3.813442276,3.5967744173867673
15770,BBB pass,4.148827763,3.688653248541084
15771,BBB pass,4.069646517,3.8196841062022613
15783,BBB pass,3.70256539,3.711664533763677
15786,BBB pass,3.567356507,3.8324957703324576
15792,BBB pass,3.380700753,3.197125790810595
15795,BBB pass,3.792664289,4.053444836245414
15830,BBB pass,3.841937311,3.983134270333423
15850,BBB pass,3.699772707,4.331478776613965
15851,BBB pass,4.079988131,4.077362801736085
15858,BBB pass,3.786467477,2.8239205695970817
15859,BBB pass,3.140711083,3.1477343243361258
15860,BBB pass,3.282622113,3.3335436818206357
15872,BBB pass,3.908173633,3.872359663432388
15894,BBB pass,2.929316727,3.5517970172088504
15895,BBB pass,2.915591928,3.5007075468417455
15917,BBB pass,2.517728389,3.0332663725424673
15919,BBB pass,4.014857819,4.235080317635244
15920,BBB pass,4.172570964,3.9757075787892977
15923,BBB pass,3.466040735,3.549127314626605
15931,BBB pass,2.6113097,3.341358372931179
15933,BBB pass,2.990621349,3.748474584620214
15937,BBB pass,3.970679987,4.101408384111874
15938,BBB pass,3.607028025,3.6994628845270503
15951,BBB pass,3.172350715,3.4418211118891833
15952,BBB pass,3.138375301,3.546331839723528
15968,BBB pass,3.117094709,3.377896486782255
15969,BBB pass,3.973095867,3.788905496631492
15986,BBB pass,3.910961369,3.3963005631203864
15988,BBB pass,3.430189762,3.369464091414863
16015,BBB pass,4.188301953,3.8793443669163348
16016,BBB pass,4.187863697,4.2086436087887105
16017,BBB pass,3.992009511,3.984694681867518
16074,BBB pass,4.207449578,3.79047095784062
16079,BBB pass,3.990420259,3.712401247450049
16085,BBB pass,3.382195409,3.341320238136028
16095,BBB pass,2.915221561,2.8679742885153567
16100,BBB pass,3.262828062,3.3179950508611236
16144,BBB pass,3.637391318,3.214556538782039
16147,BBB pass,3.56410995,2.989761446070637
16159,BBB pass,3.614126654,3.711625879067647
16172,BBB pass,3.494333057,3.477442112572326
16177,BBB pass,3.669802848,3.640849128099533
16190,BBB pass,3.917392964,3.7807643098065187
16204,BBB pass,3.522884792,3.498935434652823
16224,BBB pass,3.864563815,3.850417922992787
16226,BBB pass,3.254549285,3.3551388812394
16228,BBB pass,3.720214024,3.6714123651543598
16256,BBB pass,3.725007531,4.171744033865447
16301,BBB pass,4.226357326,3.8107412129342313
16302,BBB pass,6.921266715,3.410538511204667
16338,BBB pass,2.992586652,2.9752928274624937
16342,BBB pass,3.544618629,3.297375899095274
16410,BBB pass,1.768701993,2.482014617022662
16411,BBB pass,3.284128363,2.9655121224290646
16422,BBB pass,3.345720216,2.6647350378040806
16431,BBB pass,3.646988041,4.029369839649068
16441,BBB pass,3.723525372,3.994065875499835
16443,BBB pass,4.046256797,3.768707616056615
16445,BBB pass,3.735101291,3.7867782870888385
16453,BBB pass,3.91170488,3.810395230666137
16455,BBB pass,3.461841402,3.409174669353692
16470,BBB pass,4.19293348,4.234200353551753
16483,BBB pass,3.984037612,3.5637057410536785
16490,BBB pass,3.400368949,3.544547078749496
16491,BBB pass,3.274204048,3.2360289612200708
16492,BBB pass,2.624558393,2.7495558168678005
